{
  "students": [
    {
      "name": "harry",
      "email": "harry@gmail.com",
      "aggregate": 90.34,
      "id": 1
    },
    {
      "id": 3,
      "name": "scott",
      "email": "scott@gmail.com",
      "aggregate": 90.56
    },
    {
      "name": "king",
      "email": "king123@gmail.com",
      "aggregate": 34.66,
      "id": 4
    },
    {
      "name": "jason",
      "email": "jason@gmail.com",
      "aggregate": 90.9,
      "id": 5
    },
    {
      "name": "daniel",
      "email": "dan@outlook.com",
      "aggregate": 67.39,
      "id": 6
    }
  ],
  "faculties": [
    {
      "id": 1,
      "name": "ekwinder",
      "subject": "java"
    },
    {
      "id": 2,
      "name": "jyoti",
      "subject": "python"
    }
  ]
}